scenario,mu,pi
S0,0.500692206,0.0307
S_E,0.40891884,0.0023
S_M,0.502634186,0.025
S_D,0.463203474,0.0119
S_C,0.431470877,0.0021
